<?xml version="1.0"?>
<!DOCTYPE net_list>
<net_list>
  <net><id>N05537</id>
    <pin><id>U22.2</id></pin>
    <pin><id>L1.1</id></pin>
    <pin><id>D4.2</id></pin>
    </net>
  <net><id>GND</id>
    <pin><id>LED4.2</id></pin>
    <pin><id>Q3.2</id></pin>
    <pin><id>R83.1</id></pin>
    <pin><id>C74.2</id></pin>
    <pin><id>C75.2</id></pin>
    <pin><id>D9.2</id></pin>
    <pin><id>U29.4</id></pin>
    <pin><id>R84.1</id></pin>
    <pin><id>U28.4</id></pin>
    <pin><id>SW11.4</id></pin>
    <pin><id>SW11.3</id></pin>
    <pin><id>SW10.4</id></pin>
    <pin><id>SW10.3</id></pin>
    <pin><id>SW9.4</id></pin>
    <pin><id>SW9.3</id></pin>
    <pin><id>SW8.4</id></pin>
    <pin><id>SW8.3</id></pin>
    <pin><id>R80.1</id></pin>
    <pin><id>D8.2</id></pin>
    <pin><id>C72.2</id></pin>
    <pin><id>C73.2</id></pin>
    <pin><id>R79.1</id></pin>
    <pin><id>D7.2</id></pin>
    <pin><id>C70.2</id></pin>
    <pin><id>C71.2</id></pin>
    <pin><id>U26.2</id></pin>
    <pin><id>U26.7</id></pin>
    <pin><id>D6.2</id></pin>
    <pin><id>U24.2</id></pin>
    <pin><id>U24.7</id></pin>
    <pin><id>U23.4</id></pin>
    <pin><id>1.1</id></pin>
    <pin><id>H9.4</id></pin>
    <pin><id>C36.2</id></pin>
    <pin><id>SW7.1</id></pin>
    <pin><id>U21.2</id></pin>
    <pin><id>U21.3</id></pin>
    <pin><id>U22.3</id></pin>
    <pin><id>U22.5</id></pin>
    <pin><id>C42.2</id></pin>
    <pin><id>C43.2</id></pin>
    <pin><id>D4.1</id></pin>
    <pin><id>C44.2</id></pin>
    <pin><id>C41.2</id></pin>
    <pin><id>OSC1.47</id></pin>
    <pin><id>OSC1.8</id></pin>
    <pin><id>C48.1</id></pin>
    <pin><id>C47.1</id></pin>
    <pin><id>C46.1</id></pin>
    <pin><id>C45.1</id></pin>
    <pin><id>OSC1.35</id></pin>
    <pin><id>OSC1.23</id></pin>
    <pin><id>R68.2</id></pin>
    <pin><id>R69.2</id></pin>
    <pin><id>C33.1</id></pin>
    <pin><id>C32.1</id></pin>
    <pin><id>U19.1</id></pin>
    <pin><id>C31.2</id></pin>
    <pin><id>C35.2</id></pin>
    <pin><id>C34.2</id></pin>
    <pin><id>R94.1</id></pin>
    </net>
  <net><id>N28260</id>
    <pin><id>LED6.2</id></pin>
    <pin><id>Q4.3</id></pin>
    <pin><id>D13.2</id></pin>
    <pin><id>RLY2.4</id></pin>
    </net>
  <net><id>N28224</id>
    <pin><id>RLY2.5</id></pin>
    <pin><id>P2.2</id></pin>
    </net>
  <net><id>N28330</id>
    <pin><id>LED6.1</id></pin>
    <pin><id>R92.2</id></pin>
    </net>
  <net><id>N28382</id>
    <pin><id>Q4.1</id></pin>
    <pin><id>R93.2</id></pin>
    </net>
  <net><id>N28216</id>
    <pin><id>P2.3</id></pin>
    <pin><id>RLY2.2</id></pin>
    </net>
  <net><id>N282100</id>
    <pin><id>D14.1</id></pin>
    <pin><id>P2.1</id></pin>
    </net>
  <net><id>N28550</id>
    <pin><id>RLY2.3</id></pin>
    <pin><id>D14.2</id></pin>
    </net>
  <net><id>+5V</id>
    <pin><id>U29.8</id></pin>
    <pin><id>C74.1</id></pin>
    <pin><id>C75.1</id></pin>
    <pin><id>C72.1</id></pin>
    <pin><id>C73.1</id></pin>
    <pin><id>U28.8</id></pin>
    <pin><id>D13.1</id></pin>
    <pin><id>R92.1</id></pin>
    <pin><id>RLY2.1</id></pin>
    <pin><id>R90.1</id></pin>
    <pin><id>D12.1</id></pin>
    <pin><id>RLY1.1</id></pin>
    <pin><id>U26.3</id></pin>
    <pin><id>C71.1</id></pin>
    <pin><id>U26.6</id></pin>
    <pin><id>C70.1</id></pin>
    <pin><id>U24.6</id></pin>
    <pin><id>U24.3</id></pin>
    <pin><id>C43.1</id></pin>
    <pin><id>C42.1</id></pin>
    <pin><id>L1.2</id></pin>
    <pin><id>U22.4</id></pin>
    <pin><id>C34.1</id></pin>
    <pin><id>U19.3</id></pin>
    </net>
  <net><id>+3.3V</id>
    <pin><id>C31.1</id></pin>
    <pin><id>1.2</id></pin>
    <pin><id>H9.1</id></pin>
    <pin><id>R70.1</id></pin>
    <pin><id>OSC1.48</id></pin>
    <pin><id>OSC1.9</id></pin>
    <pin><id>C48.2</id></pin>
    <pin><id>C47.2</id></pin>
    <pin><id>OSC1.1</id></pin>
    <pin><id>C46.2</id></pin>
    <pin><id>C45.2</id></pin>
    <pin><id>OSC1.36</id></pin>
    <pin><id>OSC1.24</id></pin>
    <pin><id>C35.1</id></pin>
    <pin><id>U19.4</id></pin>
    <pin><id>U19.2</id></pin>
    </net>
  <net><id>GND_SIGNAL</id>
    <pin><id>CN2.4</id></pin>
    <pin><id>C61.2</id></pin>
    <pin><id>C60.2</id></pin>
    <pin><id>C65.1</id></pin>
    <pin><id>C63.2</id></pin>
    <pin><id>C64.2</id></pin>
    <pin><id>C62.2</id></pin>
    <pin><id>U35.2</id></pin>
    <pin><id>R87.1</id></pin>
    <pin><id>U30.1</id></pin>
    <pin><id>CN1.4</id></pin>
    <pin><id>R94.2</id></pin>
    </net>
  <net><id>I2+</id>
    <pin><id>U27.2</id></pin>
    <pin><id>R76.1</id></pin>
    <pin><id>C65.2</id></pin>
    <pin><id>C63.1</id></pin>
    <pin><id>C64.1</id></pin>
    <pin><id>U34.2</id></pin>
    </net>
  <net><id>I1-</id>
    <pin><id>Q2.2</id></pin>
    <pin><id>C60.1</id></pin>
    <pin><id>R75.1</id></pin>
    <pin><id>U25.1</id></pin>
    <pin><id>C61.1</id></pin>
    <pin><id>C62.1</id></pin>
    </net>
  <net><id>XTALA</id>
    <pin><id>OSC1.5</id></pin>
    <pin><id>X3.2</id></pin>
    <pin><id>C32.2</id></pin>
    </net>
  <net><id>N13113</id>
    <pin><id>U23.5</id></pin>
    <pin><id>CN1.3</id></pin>
    </net>
  <net><id>XTALB</id>
    <pin><id>OSC1.6</id></pin>
    <pin><id>X3.1</id></pin>
    <pin><id>C33.2</id></pin>
    </net>
  <net><id>N13117</id>
    <pin><id>CN1.2</id></pin>
    <pin><id>C49.2</id></pin>
    <pin><id>U23.6</id></pin>
    </net>
  <net><id>N13121</id>
    <pin><id>U23.7</id></pin>
    <pin><id>CN1.1</id></pin>
    </net>
  <net><id>N13125</id>
    <pin><id>C49.1</id></pin>
    <pin><id>D5.2</id></pin>
    <pin><id>U23.8</id></pin>
    </net>
  <net><id>N13171</id>
    <pin><id>R72.2</id></pin>
    <pin><id>U23.2</id></pin>
    </net>
  <net><id>N13175</id>
    <pin><id>R73.2</id></pin>
    <pin><id>U23.3</id></pin>
    </net>
  <net><id>BOOT0</id>
    <pin><id>OSC1.44</id></pin>
    <pin><id>R68.1</id></pin>
    </net>
  <net><id>BOOT1</id>
    <pin><id>OSC1.20</id></pin>
    <pin><id>R69.1</id></pin>
    </net>
  <net><id>N18096</id>
    <pin><id>U24.8</id></pin>
    <pin><id>C66.1</id></pin>
    <pin><id>R74.1</id></pin>
    </net>
  <net><id>N18124</id>
    <pin><id>U24.1</id></pin>
    <pin><id>C66.2</id></pin>
    <pin><id>R75.2</id></pin>
    </net>
  <net><id>N18825</id>
    <pin><id>C69.1</id></pin>
    <pin><id>R76.2</id></pin>
    <pin><id>U26.8</id></pin>
    </net>
  <net><id>N18844</id>
    <pin><id>R77.2</id></pin>
    <pin><id>U26.1</id></pin>
    <pin><id>C69.2</id></pin>
    </net>
  <net><id>N64000</id>
    <pin><id>U28.5</id></pin>
    <pin><id>R81.2</id></pin>
    <pin><id>U28.1</id></pin>
    </net>
  <net><id>N21116</id>
    <pin><id>U28.2</id></pin>
    <pin><id>R81.1</id></pin>
    <pin><id>R80.2</id></pin>
    </net>
  <net><id>N21125</id>
    <pin><id>U28.3</id></pin>
    <pin><id>R79.2</id></pin>
    <pin><id>R78.2</id></pin>
    </net>
  <net><id>N65213</id>
    <pin><id>R84.2</id></pin>
    <pin><id>U29.2</id></pin>
    <pin><id>R85.1</id></pin>
    </net>
  <net><id>N65097</id>
    <pin><id>U29.5</id></pin>
    <pin><id>U29.1</id></pin>
    <pin><id>R85.2</id></pin>
    </net>
  <net><id>N65249</id>
    <pin><id>R83.2</id></pin>
    <pin><id>R82.2</id></pin>
    <pin><id>U29.3</id></pin>
    </net>
  <net><id>VIN</id>
    <pin><id>U20.4</id></pin>
    <pin><id>U21.4</id></pin>
    </net>
  <net><id>N14443</id>
    <pin><id>D10.2</id></pin>
    <pin><id>R87.2</id></pin>
    </net>
  <net><id>N14476</id>
    <pin><id>Q2.1</id></pin>
    <pin><id>D11.2</id></pin>
    <pin><id>R89.2</id></pin>
    <pin><id>R88.2</id></pin>
    </net>
  <net><id>SET</id>
    <pin><id>SW10.2</id></pin>
    <pin><id>SW10.1</id></pin>
    <pin><id>OSC1.25</id></pin>
    </net>
  <net><id>VDCIN</id>
    <pin><id>U25.2</id></pin>
    <pin><id>R74.2</id></pin>
    <pin><id>U30.2</id></pin>
    <pin><id>R78.1</id></pin>
    </net>
  <net><id>CHOICE</id>
    <pin><id>SW11.2</id></pin>
    <pin><id>SW11.1</id></pin>
    <pin><id>OSC1.26</id></pin>
    </net>
  <net><id>REDUCE</id>
    <pin><id>SW9.2</id></pin>
    <pin><id>SW9.1</id></pin>
    <pin><id>OSC1.27</id></pin>
    </net>
  <net><id>ADD</id>
    <pin><id>SW8.2</id></pin>
    <pin><id>SW8.1</id></pin>
    <pin><id>OSC1.28</id></pin>
    </net>
  <net><id>VDCOUT</id>
    <pin><id>R77.1</id></pin>
    <pin><id>U27.1</id></pin>
    <pin><id>U35.1</id></pin>
    <pin><id>R82.1</id></pin>
    </net>
  <net><id>PWM</id>
    <pin><id>R72.1</id></pin>
    <pin><id>OSC1.29</id></pin>
    </net>
  <net><id>HO1</id>
    <pin><id>CN2.1</id></pin>
    <pin><id>D11.1</id></pin>
    <pin><id>R88.1</id></pin>
    </net>
  <net><id>SD</id>
    <pin><id>R73.1</id></pin>
    <pin><id>OSC1.30</id></pin>
    </net>
  <net><id>SWDIO</id>
    <pin><id>H9.2</id></pin>
    <pin><id>OSC1.34</id></pin>
    </net>
  <net><id>LO1</id>
    <pin><id>CN2.3</id></pin>
    <pin><id>D10.1</id></pin>
    <pin><id>R86.1</id></pin>
    </net>
  <net><id>SWCLK</id>
    <pin><id>H9.3</id></pin>
    <pin><id>OSC1.37</id></pin>
    </net>
  <net><id>OLED_SCL</id>
    <pin><id>1.3</id></pin>
    <pin><id>OSC1.19</id></pin>
    </net>
  <net><id>OLED_SDA</id>
    <pin><id>1.4</id></pin>
    <pin><id>OSC1.18</id></pin>
    </net>
  <net><id>DCIN</id>
    <pin><id>R91.1</id></pin>
    <pin><id>OSC1.16</id></pin>
    </net>
  <net><id>DCOUT</id>
    <pin><id>R93.1</id></pin>
    <pin><id>OSC1.15</id></pin>
    </net>
  <net><id>I2</id>
    <pin><id>U26.5</id></pin>
    <pin><id>D7.1</id></pin>
    <pin><id>OSC1.13</id></pin>
    </net>
  <net><id>V2</id>
    <pin><id>D9.1</id></pin>
    <pin><id>U29.6</id></pin>
    <pin><id>U29.7</id></pin>
    <pin><id>OSC1.12</id></pin>
    </net>
  <net><id>I1</id>
    <pin><id>U24.5</id></pin>
    <pin><id>D6.1</id></pin>
    <pin><id>OSC1.11</id></pin>
    </net>
  <net><id>V1</id>
    <pin><id>D8.1</id></pin>
    <pin><id>U28.6</id></pin>
    <pin><id>U28.7</id></pin>
    <pin><id>OSC1.10</id></pin>
    </net>
  <net><id>NRST</id>
    <pin><id>R70.2</id></pin>
    <pin><id>C36.1</id></pin>
    <pin><id>SW7.2</id></pin>
    <pin><id>OSC1.7</id></pin>
    </net>
  <net><id>VS1</id>
    <pin><id>Q2.3</id></pin>
    <pin><id>CN2.2</id></pin>
    <pin><id>R89.1</id></pin>
    <pin><id>L2.1</id></pin>
    <pin><id>U34.1</id></pin>
    </net>
  <net><id>N121671</id>
    <pin><id>Q4.2</id></pin>
    </net>
  <net><id>N126339</id>
    <pin><id>LED4.1</id></pin>
    <pin><id>R71.2</id></pin>
    </net>
  <net><id>+12V</id>
    <pin><id>U23.1</id></pin>
    <pin><id>D5.1</id></pin>
    <pin><id>R71.1</id></pin>
    <pin><id>U20.5</id></pin>
    <pin><id>U22.1</id></pin>
    <pin><id>C41.1</id></pin>
    <pin><id>C44.1</id></pin>
    </net>
  <net><id>N131347</id>
    <pin><id>L2.2</id></pin>
    <pin><id>Q1.2</id></pin>
    </net>
  <net><id>N131340</id>
    <pin><id>Q1.3</id></pin>
    </net>
  <net><id>N140051</id>
    <pin><id>R86.2</id></pin>
    <pin><id>Q1.1</id></pin>
    </net>
  <net><id>N27101</id>
    <pin><id>RLY1.3</id></pin>
    <pin><id>P1.1</id></pin>
    </net>
  <net><id>N27105</id>
    <pin><id>RLY1.5</id></pin>
    <pin><id>P1.2</id></pin>
    </net>
  <net><id>N27117</id>
    <pin><id>RLY1.2</id></pin>
    <pin><id>P1.3</id></pin>
    </net>
  <net><id>N135311</id>
    <pin><id>LED5.1</id></pin>
    <pin><id>R90.2</id></pin>
    </net>
  <net><id>N27150</id>
    <pin><id>LED5.2</id></pin>
    <pin><id>Q3.3</id></pin>
    <pin><id>D12.2</id></pin>
    <pin><id>RLY1.4</id></pin>
    </net>
  <net><id>N27186</id>
    <pin><id>Q3.1</id></pin>
    <pin><id>R91.2</id></pin>
    </net>
  <package><id>CRYSTAL-SMD_L11_5-W4_8-LS12_7</id>
    <device><id>CRYSTAL_CRYSTAL-SMD_L11_5-W4_8-</id>
      <instance><id>X3</id></instance>
      </device>
    </package>
  <package><id>IND-TH_L33_0-W15_6-P15_00-D1_5</id>
    <device><id>INDUCTOR IRON_IND-TH_L33_0-W15_</id>
      <instance><id>U34</id></instance>
      </device>
    </package>
  <package><id>15_5x10_5x21</id>
    <device><id>15.5*10.5*21_15_5X10_5X21_15.5*</id>
      <instance><id>U32</id></instance>
      <instance><id>U31</id></instance>
      </device>
    </package>
  <package><id>DBT10-7_62-2P-GN-P</id>
    <device><id>J2_DBT10-7_62-2P-GN-P_J2</id>
      <instance><id>U35</id></instance>
      <instance><id>U30</id></instance>
      </device>
    </package>
  <package><id>SOIC-8_L4_9-W3_9-P1_27-LS6_0-1</id>
    <device><id>NE5532DR_SOIC-8_L4_9-W3_9-P1_27</id>
      <instance><id>U29</id></instance>
      <instance><id>U28</id></instance>
      </device>
    <device><id>INA282AIDR_SOIC-8_L4_9-W3_9-P1_</id>
      <instance><id>U26</id></instance>
      <instance><id>U24</id></instance>
      </device>
    <device><id>IR2104STRPBF_SOIC-8_L4_9-W3_9-P</id>
      <instance><id>U23</id></instance>
      </device>
    </package>
  <package><id>R2512</id>
    <device><id>R2_R2512_10M</id>
      <instance><id>U27</id></instance>
      <instance><id>U25</id></instance>
      </device>
    </package>
  <package><id>LM2596S-5_0</id>
    <device><id>LM2596S-5.0_LM2596S-5_0_LM2596S</id>
      <instance><id>U22</id></instance>
      </device>
    </package>
  <package><id>DC005-2_5</id>
    <device><id>DC005-2.5_DC005-2_5_DC005-2.5</id>
      <instance><id>U21</id></instance>
      </device>
    </package>
  <package><id>8-8ZS</id>
    <device><id>8-8 ZS_8-8ZS_8-8 ZS</id>
      <instance><id>U20</id></instance>
      </device>
    </package>
  <package><id>AMS1117-3_3</id>
    <device><id>AMS1117-3.3_AMS1117-3_3_AMS1117</id>
      <instance><id>U19</id></instance>
      </device>
    </package>
  <package><id>m3</id>
    <device><id>TP_M3_TP</id>
      <instance><id>TP4</id></instance>
      <instance><id>TP3</id></instance>
      <instance><id>TP2</id></instance>
      <instance><id>TP1</id></instance>
      </device>
    </package>
  <package><id>BX-TS-26-365TP</id>
    <device><id>SW SPST_BX-TS-26-365TP_SW SPST</id>
      <instance><id>SW7</id></instance>
      </device>
    </package>
  <package><id>Key_TH_6x6x6</id>
    <device><id>SW_KEY_TH_6X6X6_SW</id>
      <instance><id>SW9</id></instance>
      <instance><id>SW8</id></instance>
      <instance><id>SW11</id></instance>
      <instance><id>SW10</id></instance>
      </device>
    </package>
  <package><id>SRD-05VDC-SL-C</id>
    <device><id>SRD-05VDC-SL-C_SRD-05VDC-SL-C_S</id>
      <instance><id>RLY2</id></instance>
      <instance><id>RLY1</id></instance>
      </device>
    </package>
  <package><id>R0603</id>
    <device><id>R2_R0603_0</id>
      <instance><id>R94</id></instance>
      </device>
    <device><id>R2_R0603_10</id>
      <instance><id>R88</id></instance>
      <instance><id>R86</id></instance>
      </device>
    <device><id>R2_R0603_20K</id>
      <instance><id>R84</id></instance>
      <instance><id>R82</id></instance>
      <instance><id>R80</id></instance>
      <instance><id>R78</id></instance>
      </device>
    <device><id>R2_R0603_9R1</id>
      <instance><id>R77</id></instance>
      <instance><id>R76</id></instance>
      <instance><id>R75</id></instance>
      <instance><id>R74</id></instance>
      </device>
    <device><id>R2_R0603_1K</id>
      <instance><id>R93</id></instance>
      <instance><id>R92</id></instance>
      <instance><id>R91</id></instance>
      <instance><id>R90</id></instance>
      <instance><id>R85</id></instance>
      <instance><id>R83</id></instance>
      <instance><id>R81</id></instance>
      <instance><id>R79</id></instance>
      <instance><id>R73</id></instance>
      <instance><id>R72</id></instance>
      </device>
    <device><id>R2_R0603_3K</id>
      <instance><id>R71</id></instance>
      </device>
    <device><id>R2_R0603_10K</id>
      <instance><id>R89</id></instance>
      <instance><id>R87</id></instance>
      <instance><id>R70</id></instance>
      <instance><id>R69</id></instance>
      <instance><id>R68</id></instance>
      </device>
    </package>
  <package><id>S8050_SOT_NPN</id>
    <device><id>IRF32052222_S8050_SOT_NPN_IRF32</id>
      <instance><id>Q4</id></instance>
      <instance><id>Q3</id></instance>
      </device>
    </package>
  <package><id>IRF3205PBF</id>
    <device><id>IRF3205PBF_IRF3205PBF_IRF3205PB</id>
      <instance><id>Q2</id></instance>
      <instance><id>Q1</id></instance>
      </device>
    </package>
  <package><id>WJ500V-5_08-3P</id>
    <device><id>P2_WJ500V-5_08-3P_P2</id>
      <instance><id>P2</id></instance>
      <instance><id>P1</id></instance>
      </device>
    </package>
  <package><id>STM32F103C8T6TR</id>
    <device><id>STM32F103C8T6R_STM32F103C8T6TR_</id>
      <instance><id>OSC1</id></instance>
      </device>
    </package>
  <package><id>LED_TH-3mm</id>
    <device><id>LED1111_LED_TH-3MM_LED1111</id>
      <instance><id>LED6</id></instance>
      <instance><id>LED5</id></instance>
      <instance><id>LED4</id></instance>
      </device>
    </package>
  <package><id>BEAD-TH_BD3_5-L4_7-P8_70-D0_7</id>
    <device><id>INDUCTOR_BEAD-TH_BD3_5-L4_7-P8_</id>
      <instance><id>L2</id></instance>
      </device>
    </package>
  <package><id>IND-SMD_L12_0-W12_0</id>
    <device><id>INDUCTOR_IND-SMD_L12_0-W12_0_47</id>
      <instance><id>L1</id></instance>
      </device>
    </package>
  <package><id>HDR-TH_4P-P2_54-V-M</id>
    <device><id>H9_HDR-TH_4P-P2_54-V-M_H9</id>
      <instance><id>H9</id></instance>
      </device>
    </package>
  <package><id>SMA_L4_3-W2_6-LS5_2-RD</id>
    <device><id>DIODE SCHOTTKY_SMA_L4_3-W2_6-LS</id>
      <instance><id>D5</id></instance>
      <instance><id>D4</id></instance>
      </device>
    </package>
  <package><id>DO-27_BD5_2-L8_9-P12_90-D1_5-1</id>
    <device><id>DIODE ZENER_DO-27_BD5_2-L8_9-P1</id>
      <instance><id>D14</id></instance>
      </device>
    </package>
  <package><id>DO-35_BD2_0-L4_0-P8_00-D0_5-FD</id>
    <device><id>DIODE_DO-35_BD2_0-L4_0-P8_00-D0</id>
      <instance><id>D9</id></instance>
      <instance><id>D8</id></instance>
      <instance><id>D7</id></instance>
      <instance><id>D6</id></instance>
      <instance><id>D13</id></instance>
      <instance><id>D12</id></instance>
      <instance><id>D11</id></instance>
      <instance><id>D10</id></instance>
      </device>
    </package>
  <package><id>CONN-TH_4P-P2_50_4PIN</id>
    <device><id>ZX-XH2.54-4PZZ_CONN-TH_4P-P2_50</id>
      <instance><id>CN2</id></instance>
      <instance><id>CN1</id></instance>
      </device>
    </package>
  <package><id>C0603</id>
    <device><id>CAP NP_C0603_2.2UF</id>
      <instance><id>C75</id></instance>
      <instance><id>C73</id></instance>
      <instance><id>C71</id></instance>
      </device>
    <device><id>CAP NP_C0603_1NF</id>
      <instance><id>C69</id></instance>
      <instance><id>C66</id></instance>
      </device>
    <device><id>CAP NP_C0603_22PF</id>
      <instance><id>C33</id></instance>
      <instance><id>C32</id></instance>
      </device>
    <device><id>CAP NP_C0603_100NF</id>
      <instance><id>C74</id></instance>
      <instance><id>C72</id></instance>
      <instance><id>C70</id></instance>
      <instance><id>C48</id></instance>
      <instance><id>C47</id></instance>
      <instance><id>C46</id></instance>
      <instance><id>C45</id></instance>
      <instance><id>C42</id></instance>
      <instance><id>C41</id></instance>
      <instance><id>C36</id></instance>
      <instance><id>C31</id></instance>
      </device>
    </package>
  <package><id>CAP-TH_L8_5-W5_0-P5_00-D1_2</id>
    <device><id>CAP NP_CAP-TH_L8_5-W5_0-P5_00_1</id>
      <instance><id>C65</id></instance>
      <instance><id>C62</id></instance>
      </device>
    <device><id>CAP NP_CAP-TH_L8_5-W5_0-P5_00-D</id>
      <instance><id>C49</id></instance>
      </device>
    </package>
  <package><id>CAP-TH_BD10_0-P5_00-D1_0-FD</id>
    <device><id>CAPACITOR POL/SM_CAP-TH_BD10_0-</id>
      <instance><id>C64</id></instance>
      <instance><id>C63</id></instance>
      <instance><id>C61</id></instance>
      <instance><id>C60</id></instance>
      </device>
    </package>
  <package><id>CAP-SMD_BD10_0-L10_3-W10_3-LS11_3-FD</id>
    <device><id>CAPACITOR POL/SM_CAP-SMD_BD10_0</id>
      <instance><id>C44</id></instance>
      <instance><id>C43</id></instance>
      </device>
    </package>
  <package><id>CAP-SMD_BD4_0-L4_3-W4_3-FD</id>
    <device><id>CAPACITOR POL/SM_CAP-SMD_BD4_0-</id>
      <instance><id>C35</id></instance>
      <instance><id>C34</id></instance>
      </device>
    </package>
  <package><id>0_96OLED_4P</id>
    <device><id>OLED_0_96OLED_4P_OLED</id>
      <instance><id>1</id></instance>
      </device>
    </package>
  </net_list>
